First,Last,Nickname,Uniquename,Email,Headshot,Pledge Class,Grad year,Linkedin
Khalid,AbdulShafi,Khalid,kabdulsh,kabulsh@umich.edu,assets/img/members/Filler.jpg,Xi,2021,https://www.linkedin.com/in/khalid-abdulshafi-bba247139/
Sarah,Addo,Sarah,saddo,saddo@umich.edu,assets/img/members/Filler.jpg,Omicron,2022,https://www.linkedin.com/in/sarah-addo/
Sohil,Adwani,Sohil,sadwani,sadwani@umich.edu,assets/img/members/Filler.jpg,Xi,2021,https://www.linkedin.com/in/sohiladwani/
Rithik,Aggarwal,Rithik,rithika,,assets/img/members/Aggarwal_Rithik.jpg,Rho,2022,https://www.linkedin.com/in/rithikaggarwal/
Eric,Andrews,Eric,ejandre,,assets/img/members/Andrews_Eric.JPG,Rho,2022,https://www.linkedin.com/in/eric-andrews-/
Ben,Arteaga,,barteaga,barteaga@umich.edu,assets/img/members/Filler.jpg,Pi,2022,https://www.linkedin.com/in/ben-arteaga-336393190/
Jonah,Azoulay,Jonah,jazoulay,jazoulay@umich.edu,assets/img/members/Azoulay_Jonah.jpg,Omicron,2022,https://www.linkedin.com/in/jonah-azoulay/
Rohan,Barad,Rohan,Ronibara,,assets/img/members/Barad_Rohan.jpg,Rho,2023,https://www.linkedin.com/in/rohan-barad/
Michael,Barsky,Michael,mbarsky,mbarsky@umich.edu,assets/img/members/Barsky_Michael.jpg,Omicron,2021,https://www.linkedin.com/in/mbarsky/
Prateek,Bhola,Prateek,Pbhola,,assets/img/members/Bhola_Prateek.jpg,Rho,2023,https://www.linkedin.com/in/prateek-bhola/
Anusha,Bohra,Anusha,abohra,abohra@umich.edu,assets/img/members/Bohra_Anusha.jpg,Omicron,2022,https://www.linkedin.com/in/anusha-bohra/
Jessica,Borin,Jessica,jlborin,jlborin@umich.edu,assets/img/members/Filler.jpg,Kappa,2020,https://www.linkedin.com/in/jessica-borin-2b4333135/
Alec,Brandel,Alec,abrandel,abrandel@umich.edu,assets/img/members/Brandel_Alec.jpg,Nu,2021,https://www.linkedin.com/in/alec-brandel/
Sydney,Bruce,,sydbruce,sydbruce@umich.edu,assets/img/members/Bruce_Sydney.JPG,Pi,2022,https://www.linkedin.com/in/sydbruce/
Simrun,Buttar,Simrun,sbuttar,sbuttar@umich.edu,assets/img/members/Buttar_Simrun.jpg,Nu,2021,https://www.linkedin.com/in/sbuttar/
Maya,Chalker,Maya,chalkerm,,assets/img/members/Chalker_Maya.jpg,Rho,2022,https://www.linkedin.com/in/maya-chalker/
Darian,Chang,,darian,darian@umich.edu,assets/img/members/Filler.jpg,Pi,2022,https://www.linkedin.com/in/darian-chang/
Simran,Chowdhry,Simran,simrancc,simrancc@umich.edu,assets/img/members/Chowdhry_Simran.jpg,Omicron,2022,https://www.linkedin.com/in/simran-chowdhry-694473179/
Rahul,D'Costa,,rdcosta,rdcosta@umich.edu,assets/img/members/Dcosta_Rahul.jpg,Pi,2022,https://www.linkedin.com/in/rahuldcosta/
Annika,Dahlmann,Annika,dahlmana,dahlmana@umich.edu,assets/img/members/Dahlmann_Annika.jpg,Omicron,2022,https://www.linkedin.com/in/annika-dahlmann-90607617b/
Shreya,Datta,Shreya,shred,shred@umich.edu,assets/img/members/Datta_Shreya.jpg,Xi,2022,https://www.linkedin.com/in/s-datta/
Andy,Dazzo,Andrew,adazzo ,adazzo@umich.edu,assets/img/members/Dazzo_Andy.jpg,Omicron,2022,https://www.linkedin.com/in/andrew-dazzo/
Taylor,Denby,Taylor,tdenby,tdenby@umich.edu,assets/img/members/Denby_Taylor.jpg,Omicron,2021,https://www.linkedin.com/in/taylor-denby-5a6734177/
Emily,Dershowitz,Emily,edershow,edershow@umich.edu,assets/img/members/Dershowitz_Emily.jpg,Omicron,2022,https://www.linkedin.com/in/emily-dershowitz/
Jeremy,Dou,Jeremy,jeremydo,jeremydo@umich.edu,assets/img/members/Filler.jpg,Omicron,2022,https://www.linkedin.com/in/jeremy-dou-019841175/
Mike,Flanagan,Michael,mflanag,mflanag@umich.edu,assets/img/members/Flanagan_Mike.jpg,Omicron,2021,https://www.linkedin.com/in/michael-flanagan-721502146/
Kyle,Floersch,,floersch,floersch@umich.edu,assets/img/members/Floersch_Kyle.JPG,Pi,2022,https://www.linkedin.com/in/kylefloersch/
Courtney,Fortin,,fortinco ,,assets/img/members/Fortin_Courtney.jpg,Rho,2022,https://www.linkedin.com/in/fortinco/
Olivia,Garrahan ,Pibby,olgarrah,,assets/img/members/Garrahan_Olivia.jpg,Rho,2022,https://www.linkedin.com/in/olivia-garrahan-ba7051183/
Robert,Gibbons,Rob,Gibbonsr,,assets/img/members/Gibbons_Robert.jpg,Rho,2022,https://www.linkedin.com/in/robert-gibbons-238868196/
Chase,Goldman,Chase,gochase,,assets/img/members/Filler.jpg,Rho,2023,https://www.linkedin.com/in/chasegoldman/
Louis,Gouirand,Louis,louisgrd,louisgrd@umich.edu,assets/img/members/Gouirand_Louis.jpg,Xi,2021,https://www.linkedin.com/in/louisgrd/
Caleb,Harris,,,,assets/img/members/Filler.jpg,Pi,2022,https://www.linkedin.com/in/calebhar/
Shan,Jiang,,shanjng,shanjng@umich.edu,assets/img/members/Jiang_Shan.jpg,Pi,2022,https://www.linkedin.com/in/shanjng/
Jarek,Kawa,Jaroslaw,jkawa,jkawa@umich.edu,assets/img/members/Filler.jpg,Nu,2021,https://www.linkedin.com/in/jaroslaw-kawa-523739157/
Maya,Khanna,Maya,mayakh,mayakh@umich.edu,assets/img/members/Khanna_Maya.jpg,Xi,2021,https://www.linkedin.com/in/maya-khanna-8a9a39b7/
Aashni,Khatri,Aashni,aashni ,,assets/img/members/Khatri_Aashni.JPG,Rho,2023,https://www.linkedin.com/in/aashnikhatri/
Ashvin,Kumar,Ashvin,ashvink,,assets/img/members/Kumar_Ashvin.JPG,Rho,2022,https://www.linkedin.com/in/ashvinbk/
Katie,Lawton,,katelaw,katelaw@umich.edu,assets/img/members/Lawton_Katie.jpg,Pi,2022,https://www.linkedin.com/in/katelyn-lawton/
Christopher,Lee,Chris,chrisree,chrisree@umich.edu,assets/img/members/Lee_Christopher.jpg,Omicron,2022,https://www.linkedin.com/in/chrislee115/
Juliet,Levesque,Juliet,julevesq,julevesq@umich.edu,assets/img/members/Levesque_Juliet.jpg,Nu,2021,https://www.linkedin.com/in/julietlevesque/
Michelle ,Liu,,mmliu,,assets/img/members/Liu_Michelle.jpg,Rho,2023,https://www.linkedin.com/in/michelle-mo-liu/
Sophie,Loesberg,,sophloes,sophloes@umich.edu,assets/img/members/Loesberg_Sophie.jpg,Pi,2022,https://www.linkedin.com/in/sophieloesberg/
Dino,Mastropietro,Donato,donatom,donatom@umich.edu,assets/img/members/Filler.jpg,Xi,2021,https://www.linkedin.com/in/dino-mastropietro-83382414a/
Aashia,Mehta,Aashia,aashia,aashia@umich.edu,assets/img/members/Mehta_Aashia.jpg,Omicron,2021,https://www.linkedin.com/in/aashia/
Max,Mittleman,Max,mmittle,,assets/img/members/Mittleman_Max.jpg,Rho,2022,https://www.linkedin.com/in/max-mittleman/
Advay,Muchoor,,advaym,,assets/img/members/Muchoor_Advay.jpg,Rho,2023,https://www.linkedin.com/in/advay-muchoor/
Summer,Nguyen,,nsummer,nsummer@umich.edu,assets/img/members/Filler.jpg,Pi,2022,https://www.linkedin.com/in/nsummer/
Flan,O'Donnell,Flannery,flannodo,flannodo@umich.edu,assets/img/members/O_Donnell_Flannery.jpg,Xi,2021,https://www.linkedin.com/in/flanneryodonnell/
Cameron,Oglesby,Cam,oglesbyc,oglesbyc@umich.edu,assets/img/members/Oglesby_Cameron.jpg,Omicron,2022,https://www.linkedin.com/in/cameron-oglesby/
Parth,Pandit,Parth,panditpa ,,assets/img/members/Pandit_Parth.jpg,Rho,2023,https://www.linkedin.com/in/panditparth/
Junho,Park,Jun Ho,pjunho,pjunho@umich.edu,assets/img/members/Park_Junho.jpg,Omicron,2021,https://www.linkedin.com/in/pjunho/
Roland,Park,,parkro,parkro@umich.edu,assets/img/members/Park_Roland.jpg,Pi,2022,https://www.linkedin.com/in/parkroland/
Rea,Parocaran,,reaparoc,reaparoc@umich.edu,assets/img/members/Parocaran_Rea.jpg,Pi,2021,https://www.linkedin.com/in/reaparocaran/
Vineet,Parvathala,,vparv,vparv@umich.edu,assets/img/members/Parvathala_Vineet.JPG,Pi,2022,https://www.linkedin.com/in/vparv/
Sahil,Patel,Sahil,sletap,sletap@umich.edu,assets/img/members/Filler.jpg,Xi,2021,https://www.linkedin.com/in/sletap/
Brooke,Powning,,bpowning,bpowning@umich.edu,assets/img/members/Filler.jpg,Pi,2022,https://www.linkedin.com/in/brooke-powning/
Divya,Ramamoorthy,,divyaram,,assets/img/members/Ramamoorthy_Divya.jpg,Rho,2023,https://www.linkedin.com/in/divyaramamoorthy/
Aditya,Ravi,Aditya,adravi,adravi@umich.edu,assets/img/members/Ravi_Aditya.JPG,Xi,2022,https://www.linkedin.com/in/aditya-ravi-01/
Harvey,Reeves,,hreeves,hreeves@umich.edu,assets/img/members/Reeves_Harvey.jpg,Pi,2022,https://www.linkedin.com/in/hreeves9/
Alyssa,Russell,,Alyssaru,,assets/img/members/Filler.jpg,Rho,2023,https://www.linkedin.com/in/alyssarussell23/
Chinmay,Savanur,,csavanur,csavanur@umich.edu,assets/img/members/Savanur_Chinmay.jpg,Pi,2023,https://www.linkedin.com/in/chinmaysavanur/
Medha,Sripada,Medha,sripadam,,assets/img/members/Sripada_Medha.jpg,Rho,2023,https://www.linkedin.com/in/medha-sripada-135a28172/
Svetha,Subbiah,Svetha,svsubbi,svsubbi@umich.edu,assets/img/members/Subbiah_Svetha.jpg,Nu,2021,https://www.linkedin.com/in/svetha-subbiah-543392149/
Maya,Subramanian,,mayasub,mayasub@umich.edu,assets/img/members/Subramanian_Maya.jpg,Pi,2022,https://www.linkedin.com/in/mayasub/
Kelley,Sweitzer,,,,assets/img/members/Sweitzer_Kelley.jpg,Omicron,2021,https://www.linkedin.com/in/kelleysweitzer/
Wesley,Toma,Wesley,wtoma,wtoma@umich.edu,assets/img/members/Toma_Wesley.jpg,Nu,2021,https://www.linkedin.com/in/wesley-toma/
Eldon,Tsoi,Eldon,eltsoi,eltsoi@umich.edu,assets/img/members/Tsoi_Eldon.jpg,Alpha,2021,https://www.linkedin.com/in/eldontsoi/
Samast,Varma,Samast,samastv,samastv@umich.edu,assets/img/members/Varma_Samast.jpg,Omicron,2021,https://www.linkedin.com/in/samast/
Sanya,Verma,Sanya,sanyav,sanyav@umich.edu,assets/img/members/Verma_Sanya.jpg,Omicron,2022,https://www.linkedin.com/in/sanya-verma-403874b1/
Claire,Waldron,,cwaldro,cwaldro@umich.edu,assets/img/members/Waldron_Claire.jpg,Pi,2023,https://www.linkedin.com/in/claire-waldron/
William ,Yang,willyang,willyang,,assets/img/members/Yang_Will.jpg,Rho,2022,https://www.linkedin.com/in/william-yang-91477b142/
Alice,Ying,,acying,acying@umich.edu,assets/img/members/Ying_Alice.jpg,Pi,2022,https://www.linkedin.com/in/alice-ying-792989170/
Jessica,Zhang,,jessz,jessz@umich.edu,assets/img/members/Zhang_Jessica.jpg,Pi,2022,https://www.linkedin.com/in/jessicazhang47/
